issue_id,issue_type,affected_metric,severity,detection_date,resolution_hours
DQ00001,mismatch,Tickets,low,2025-09-15,24
DQ00002,mismatch,Tickets,medium,2025-12-04,19
DQ00003,missing,Tickets,medium,2025-11-23,34
DQ00004,duplicate,Orders,medium,2026-01-08,5
DQ00005,missing,Tickets,low,2025-09-26,22
DQ00006,missing,Orders,medium,2025-11-15,33
DQ00007,missing,Orders,low,2025-05-13,27
DQ00008,duplicate,Orders,high,2026-01-11,15
DQ00009,missing,Orders,high,2025-04-11,16
DQ00010,missing,Orders,low,2025-06-08,3
DQ00011,missing,Orders,low,2025-08-26,44
DQ00012,duplicate,Orders,high,2025-10-23,28
DQ00013,missing,Tickets,low,2025-08-01,26
DQ00014,missing,Revenue,medium,2025-06-19,9
DQ00015,missing,Tickets,medium,2026-01-01,14
DQ00016,missing,Orders,medium,2025-06-26,17
DQ00017,mismatch,Revenue,low,2026-01-27,11
DQ00018,missing,Revenue,low,2025-07-04,16
DQ00019,mismatch,Tickets,low,2025-02-17,15
DQ00020,missing,Orders,low,2025-11-10,34
DQ00021,duplicate,Orders,medium,2025-11-06,27
DQ00022,duplicate,Orders,high,2025-04-10,5
DQ00023,mismatch,Revenue,medium,2025-12-07,22
DQ00024,duplicate,Tickets,low,2026-01-31,10
DQ00025,duplicate,Orders,medium,2025-08-25,30
DQ00026,duplicate,Revenue,low,2025-08-10,6
DQ00027,missing,Orders,medium,2025-11-04,38
DQ00028,duplicate,Revenue,high,2025-05-18,20
DQ00029,missing,Orders,medium,2025-03-10,38
DQ00030,duplicate,Orders,high,2025-02-11,48
DQ00031,missing,Tickets,high,2025-07-15,32
DQ00032,missing,Orders,medium,2025-12-04,38
DQ00033,mismatch,Tickets,high,2025-02-09,15
DQ00034,missing,Tickets,high,2025-11-16,22
DQ00035,duplicate,Revenue,high,2025-10-08,21
DQ00036,mismatch,Orders,high,2025-11-29,20
DQ00037,missing,Tickets,medium,2025-04-04,23
DQ00038,duplicate,Orders,high,2026-02-05,5
DQ00039,mismatch,Orders,low,2025-05-12,15
DQ00040,mismatch,Revenue,high,2025-03-27,12
DQ00041,mismatch,Tickets,low,2025-09-26,13
DQ00042,duplicate,Orders,low,2025-08-31,15
DQ00043,duplicate,Orders,medium,2025-10-05,47
DQ00044,missing,Revenue,high,2025-06-05,40
DQ00045,mismatch,Tickets,medium,2025-07-30,5
DQ00046,duplicate,Revenue,medium,2025-08-10,39
DQ00047,mismatch,Revenue,high,2025-12-08,17
DQ00048,duplicate,Revenue,medium,2025-10-11,16
DQ00049,missing,Tickets,low,2025-05-29,45
DQ00050,mismatch,Revenue,medium,2025-05-03,7
DQ00051,duplicate,Orders,high,2026-01-10,8
DQ00052,mismatch,Tickets,medium,2025-10-26,20
DQ00053,mismatch,Orders,high,2025-10-12,45
DQ00054,mismatch,Orders,high,2025-05-05,34
DQ00055,mismatch,Tickets,medium,2025-07-25,41
DQ00056,mismatch,Revenue,high,2025-10-27,43
DQ00057,missing,Tickets,medium,2025-03-24,31
DQ00058,duplicate,Tickets,medium,2025-12-08,32
DQ00059,duplicate,Orders,low,2025-08-09,6
DQ00060,mismatch,Revenue,low,2025-09-24,41
DQ00061,missing,Revenue,high,2025-09-11,30
DQ00062,duplicate,Revenue,medium,2025-09-26,3
DQ00063,duplicate,Tickets,high,2025-07-28,23
DQ00064,missing,Revenue,high,2026-01-11,22
DQ00065,missing,Revenue,high,2026-02-02,43
DQ00066,duplicate,Orders,medium,2025-06-19,32
DQ00067,missing,Revenue,low,2025-12-06,27
DQ00068,duplicate,Tickets,high,2025-06-12,38
DQ00069,missing,Revenue,high,2025-05-31,21
DQ00070,mismatch,Orders,medium,2025-09-15,43
DQ00071,duplicate,Tickets,low,2025-06-21,12
DQ00072,missing,Revenue,medium,2025-04-11,13
DQ00073,missing,Revenue,low,2025-07-23,20
DQ00074,duplicate,Revenue,low,2025-07-30,3
DQ00075,missing,Orders,high,2025-12-10,21
DQ00076,duplicate,Tickets,medium,2025-03-07,10
DQ00077,mismatch,Revenue,medium,2025-12-25,40
DQ00078,mismatch,Tickets,high,2025-06-18,40
DQ00079,missing,Orders,low,2025-11-22,7
DQ00080,duplicate,Orders,high,2025-02-21,35
DQ00081,missing,Tickets,medium,2026-01-06,3
DQ00082,missing,Orders,high,2025-05-06,16
DQ00083,mismatch,Tickets,low,2025-10-05,6
DQ00084,missing,Orders,low,2025-08-27,29
DQ00085,missing,Orders,medium,2025-08-28,25
DQ00086,mismatch,Revenue,low,2025-02-08,19
DQ00087,mismatch,Tickets,medium,2025-09-17,19
DQ00088,mismatch,Orders,high,2025-12-17,29
DQ00089,duplicate,Revenue,low,2025-05-19,40
DQ00090,missing,Orders,medium,2025-02-28,42
DQ00091,mismatch,Tickets,low,2025-11-02,28
DQ00092,duplicate,Revenue,high,2025-11-16,24
DQ00093,mismatch,Revenue,medium,2025-03-24,45
DQ00094,missing,Tickets,low,2025-11-15,24
DQ00095,duplicate,Orders,medium,2025-08-21,8
DQ00096,missing,Orders,high,2025-05-15,29
DQ00097,mismatch,Revenue,medium,2025-12-18,19
DQ00098,mismatch,Revenue,low,2025-05-06,48
DQ00099,missing,Revenue,high,2025-03-09,22
DQ00100,missing,Tickets,medium,2025-07-13,11
DQ00101,missing,Tickets,high,2026-02-01,25
DQ00102,missing,Tickets,high,2025-09-28,15
DQ00103,duplicate,Revenue,high,2025-03-28,33
DQ00104,mismatch,Revenue,high,2025-05-30,42
DQ00105,mismatch,Orders,low,2025-04-11,38
DQ00106,missing,Tickets,medium,2025-03-27,22
DQ00107,mismatch,Tickets,high,2026-01-18,28
DQ00108,mismatch,Orders,low,2025-09-03,46
DQ00109,missing,Revenue,medium,2025-03-28,33
DQ00110,mismatch,Revenue,low,2025-10-18,26
DQ00111,duplicate,Revenue,high,2025-05-08,28
DQ00112,missing,Orders,high,2025-08-17,3
DQ00113,missing,Revenue,low,2025-11-28,2
DQ00114,missing,Orders,low,2026-01-03,15
DQ00115,mismatch,Tickets,medium,2025-04-09,11
DQ00116,missing,Orders,high,2025-03-20,13
DQ00117,missing,Revenue,medium,2025-06-02,1
DQ00118,mismatch,Revenue,high,2025-04-07,47
DQ00119,missing,Revenue,low,2025-06-24,35
DQ00120,missing,Revenue,low,2025-10-08,41
DQ00121,mismatch,Tickets,high,2025-09-05,39
DQ00122,duplicate,Tickets,low,2025-07-14,33
DQ00123,missing,Orders,medium,2025-09-08,47
DQ00124,mismatch,Orders,medium,2025-09-16,27
DQ00125,duplicate,Revenue,medium,2025-03-29,3
DQ00126,mismatch,Revenue,low,2025-02-17,25
DQ00127,mismatch,Orders,low,2026-01-26,45
DQ00128,duplicate,Orders,medium,2025-09-18,31
DQ00129,duplicate,Orders,low,2026-02-03,42
DQ00130,duplicate,Revenue,high,2025-05-11,17
DQ00131,mismatch,Orders,medium,2025-04-24,30
DQ00132,missing,Tickets,high,2025-05-28,18
DQ00133,missing,Orders,low,2025-08-24,48
DQ00134,mismatch,Orders,high,2025-02-26,9
DQ00135,duplicate,Orders,high,2026-01-13,21
DQ00136,duplicate,Orders,high,2025-05-20,9
DQ00137,duplicate,Revenue,medium,2025-09-14,42
DQ00138,duplicate,Revenue,high,2025-06-18,26
DQ00139,mismatch,Revenue,medium,2025-12-02,22
DQ00140,missing,Revenue,medium,2025-10-29,30
DQ00141,mismatch,Orders,low,2025-10-09,8
DQ00142,duplicate,Revenue,low,2025-05-13,41
DQ00143,mismatch,Tickets,medium,2025-11-08,37
DQ00144,mismatch,Tickets,medium,2025-09-06,36
DQ00145,mismatch,Orders,low,2025-08-30,37
DQ00146,mismatch,Orders,high,2025-09-22,37
DQ00147,missing,Tickets,low,2025-03-03,40
DQ00148,mismatch,Orders,medium,2025-10-31,41
DQ00149,duplicate,Orders,low,2025-10-07,11
DQ00150,mismatch,Orders,high,2025-09-24,47
DQ00151,missing,Tickets,high,2025-07-05,10
DQ00152,duplicate,Revenue,medium,2025-07-08,27
DQ00153,duplicate,Orders,low,2025-10-01,21
DQ00154,missing,Orders,high,2025-04-13,13
DQ00155,duplicate,Tickets,low,2025-05-25,39
DQ00156,duplicate,Revenue,medium,2026-01-14,47
DQ00157,mismatch,Orders,high,2025-11-08,35
DQ00158,mismatch,Orders,low,2025-08-16,1
DQ00159,mismatch,Orders,medium,2025-10-10,41
DQ00160,duplicate,Tickets,medium,2025-11-20,15
DQ00161,duplicate,Orders,low,2025-07-17,42
DQ00162,missing,Orders,medium,2025-12-08,38
DQ00163,duplicate,Revenue,medium,2025-05-05,17
DQ00164,duplicate,Orders,low,2025-12-24,16
DQ00165,mismatch,Revenue,high,2025-07-19,36
DQ00166,duplicate,Revenue,medium,2025-03-11,14
DQ00167,duplicate,Orders,high,2025-10-14,1
DQ00168,mismatch,Tickets,high,2025-05-14,31
DQ00169,missing,Orders,low,2025-05-05,38
DQ00170,missing,Tickets,high,2025-05-17,26
DQ00171,duplicate,Revenue,medium,2025-08-19,22
DQ00172,duplicate,Orders,medium,2025-04-06,23
DQ00173,duplicate,Tickets,low,2026-01-31,32
DQ00174,mismatch,Tickets,low,2025-10-20,13
DQ00175,duplicate,Revenue,low,2025-09-25,48
DQ00176,duplicate,Revenue,high,2025-11-29,35
DQ00177,duplicate,Revenue,low,2025-08-11,37
DQ00178,missing,Tickets,medium,2025-07-28,32
DQ00179,duplicate,Revenue,medium,2025-05-18,15
DQ00180,mismatch,Revenue,low,2025-03-18,14
DQ00181,mismatch,Tickets,high,2025-12-02,7
DQ00182,missing,Tickets,high,2025-06-20,23
DQ00183,mismatch,Tickets,high,2025-05-08,39
DQ00184,mismatch,Tickets,high,2025-03-11,32
DQ00185,missing,Tickets,low,2025-05-09,19
DQ00186,missing,Tickets,low,2026-01-21,22
DQ00187,duplicate,Revenue,low,2025-08-29,32
DQ00188,mismatch,Tickets,medium,2025-10-24,25
DQ00189,duplicate,Tickets,medium,2025-09-15,5
DQ00190,mismatch,Revenue,low,2025-07-02,5
DQ00191,missing,Tickets,medium,2025-07-13,26
DQ00192,mismatch,Tickets,high,2025-03-25,27
DQ00193,duplicate,Revenue,medium,2025-11-03,26
DQ00194,missing,Orders,low,2025-04-24,28
DQ00195,mismatch,Tickets,medium,2025-10-28,20
DQ00196,duplicate,Orders,high,2025-08-31,22
DQ00197,duplicate,Orders,high,2025-11-27,5
DQ00198,duplicate,Revenue,high,2026-01-11,21
DQ00199,mismatch,Revenue,low,2025-10-15,38
DQ00200,duplicate,Orders,medium,2025-11-11,6
DQ00201,mismatch,Tickets,medium,2025-06-27,31
DQ00202,mismatch,Revenue,medium,2025-07-30,17
DQ00203,missing,Tickets,low,2025-08-27,17
DQ00204,mismatch,Orders,high,2025-03-20,13
DQ00205,duplicate,Revenue,high,2025-12-12,25
DQ00206,duplicate,Orders,medium,2025-03-26,15
DQ00207,missing,Orders,low,2025-05-06,6
DQ00208,mismatch,Revenue,medium,2025-05-11,25
DQ00209,missing,Revenue,low,2025-10-25,30
DQ00210,mismatch,Revenue,high,2025-03-08,16
DQ00211,duplicate,Revenue,high,2025-03-10,13
DQ00212,mismatch,Tickets,high,2025-11-19,28
DQ00213,duplicate,Orders,medium,2025-07-05,44
DQ00214,mismatch,Tickets,high,2025-11-08,43
DQ00215,duplicate,Tickets,low,2025-09-27,11
DQ00216,missing,Orders,low,2025-11-01,27
DQ00217,duplicate,Tickets,high,2025-10-22,27
DQ00218,missing,Orders,high,2025-04-16,4
DQ00219,duplicate,Tickets,low,2025-09-08,8
DQ00220,missing,Revenue,medium,2025-11-17,16
DQ00221,mismatch,Tickets,low,2025-03-16,41
DQ00222,mismatch,Tickets,low,2025-12-27,29
DQ00223,missing,Tickets,high,2026-01-09,26
DQ00224,mismatch,Orders,low,2025-07-14,48
DQ00225,missing,Tickets,high,2026-01-05,30
DQ00226,duplicate,Tickets,low,2026-01-20,30
DQ00227,missing,Revenue,high,2025-04-08,13
DQ00228,duplicate,Revenue,medium,2025-08-23,45
DQ00229,missing,Tickets,low,2025-02-09,16
DQ00230,missing,Tickets,high,2025-09-30,44
DQ00231,mismatch,Orders,high,2025-11-02,20
DQ00232,duplicate,Orders,high,2025-05-30,12
DQ00233,missing,Tickets,high,2025-06-15,10
DQ00234,duplicate,Revenue,medium,2025-06-28,44
DQ00235,missing,Revenue,low,2025-05-11,44
DQ00236,missing,Tickets,medium,2025-03-14,1
DQ00237,duplicate,Orders,low,2025-09-01,21
DQ00238,duplicate,Tickets,high,2026-01-04,35
DQ00239,duplicate,Orders,medium,2025-05-12,21
DQ00240,missing,Revenue,low,2025-10-20,35
DQ00241,duplicate,Orders,low,2025-09-23,34
DQ00242,duplicate,Tickets,high,2025-08-13,12
DQ00243,mismatch,Tickets,medium,2025-10-30,41
DQ00244,mismatch,Tickets,high,2025-06-25,8
DQ00245,duplicate,Orders,medium,2025-12-05,32
DQ00246,mismatch,Revenue,high,2025-06-08,5
DQ00247,mismatch,Orders,medium,2025-06-15,22
DQ00248,mismatch,Tickets,high,2025-11-30,1
DQ00249,duplicate,Tickets,high,2025-05-15,25
DQ00250,missing,Revenue,medium,2025-08-28,38
DQ00251,mismatch,Tickets,low,2025-04-30,5
DQ00252,missing,Orders,medium,2025-07-04,14
DQ00253,mismatch,Orders,high,2026-01-18,3
DQ00254,mismatch,Orders,low,2025-05-17,3
DQ00255,duplicate,Orders,high,2025-07-23,6
DQ00256,mismatch,Tickets,high,2026-01-17,4
DQ00257,mismatch,Revenue,high,2025-12-24,18
DQ00258,duplicate,Tickets,low,2025-04-11,37
DQ00259,mismatch,Tickets,low,2025-05-30,13
DQ00260,missing,Revenue,low,2025-12-29,17
DQ00261,mismatch,Revenue,medium,2025-11-08,47
DQ00262,duplicate,Revenue,high,2025-04-23,14
DQ00263,mismatch,Revenue,medium,2025-07-30,11
DQ00264,missing,Orders,high,2025-08-16,29
DQ00265,duplicate,Tickets,low,2025-04-17,4
DQ00266,mismatch,Orders,high,2025-02-15,15
DQ00267,missing,Tickets,medium,2025-04-16,34
DQ00268,missing,Orders,medium,2026-01-23,40
DQ00269,mismatch,Tickets,medium,2025-04-10,44
DQ00270,mismatch,Tickets,high,2025-08-18,11
DQ00271,duplicate,Tickets,medium,2026-01-24,26
DQ00272,mismatch,Orders,low,2025-02-16,21
DQ00273,mismatch,Tickets,medium,2025-04-23,27
DQ00274,duplicate,Revenue,high,2025-07-13,3
DQ00275,mismatch,Tickets,medium,2025-12-20,8
DQ00276,missing,Tickets,low,2025-11-20,34
DQ00277,duplicate,Tickets,medium,2025-03-12,33
DQ00278,duplicate,Orders,medium,2025-07-14,15
DQ00279,missing,Tickets,low,2025-06-14,26
DQ00280,duplicate,Orders,medium,2025-12-20,32
DQ00281,duplicate,Orders,low,2025-02-22,30
DQ00282,mismatch,Orders,low,2025-06-27,38
DQ00283,missing,Orders,medium,2025-12-22,32
DQ00284,duplicate,Tickets,medium,2025-09-02,7
DQ00285,missing,Tickets,low,2025-11-08,47
DQ00286,missing,Tickets,medium,2025-10-27,19
DQ00287,missing,Tickets,low,2025-09-22,13
DQ00288,missing,Revenue,medium,2025-11-28,1
DQ00289,missing,Tickets,high,2025-10-29,30
DQ00290,duplicate,Revenue,medium,2025-09-22,41
DQ00291,duplicate,Tickets,medium,2025-11-28,40
DQ00292,duplicate,Revenue,medium,2025-08-08,1
DQ00293,missing,Tickets,low,2026-01-07,40
DQ00294,duplicate,Tickets,high,2025-10-26,15
DQ00295,missing,Orders,medium,2025-08-02,35
DQ00296,duplicate,Orders,low,2025-08-01,40
DQ00297,missing,Tickets,high,2025-10-21,17
DQ00298,mismatch,Tickets,medium,2025-02-19,16
DQ00299,duplicate,Tickets,low,2025-12-31,23
DQ00300,mismatch,Orders,low,2025-02-14,11
DQ00301,mismatch,Revenue,low,2025-11-16,38
DQ00302,duplicate,Orders,low,2026-01-23,15
DQ00303,duplicate,Orders,low,2025-12-30,35
DQ00304,duplicate,Tickets,low,2025-04-21,12
DQ00305,duplicate,Orders,low,2025-07-02,44
DQ00306,mismatch,Tickets,high,2025-12-01,44
DQ00307,duplicate,Revenue,medium,2025-09-17,35
DQ00308,missing,Tickets,high,2025-10-27,32
DQ00309,duplicate,Tickets,medium,2025-11-24,41
DQ00310,missing,Tickets,low,2025-07-03,20
DQ00311,duplicate,Revenue,medium,2025-10-23,39
DQ00312,missing,Revenue,medium,2025-04-28,46
DQ00313,mismatch,Orders,high,2025-04-04,41
DQ00314,missing,Tickets,medium,2025-10-13,43
DQ00315,duplicate,Revenue,medium,2025-06-28,4
DQ00316,duplicate,Orders,low,2025-08-08,3
DQ00317,missing,Tickets,high,2025-10-11,41
DQ00318,duplicate,Tickets,low,2025-08-13,9
DQ00319,missing,Orders,low,2026-01-12,24
DQ00320,duplicate,Revenue,high,2025-03-16,46
DQ00321,missing,Revenue,medium,2025-08-05,38
DQ00322,mismatch,Orders,high,2025-12-30,16
DQ00323,mismatch,Orders,low,2025-07-23,9
DQ00324,mismatch,Tickets,high,2025-05-18,28
DQ00325,missing,Tickets,medium,2025-10-13,6
DQ00326,duplicate,Tickets,high,2025-07-21,40
DQ00327,duplicate,Orders,high,2025-11-22,2
DQ00328,duplicate,Revenue,high,2025-09-16,15
DQ00329,missing,Tickets,low,2025-11-30,9
DQ00330,mismatch,Orders,medium,2026-01-23,19
DQ00331,duplicate,Revenue,high,2025-04-12,19
DQ00332,mismatch,Tickets,high,2026-01-09,20
DQ00333,missing,Orders,high,2025-02-10,26
DQ00334,mismatch,Tickets,low,2025-05-17,18
DQ00335,duplicate,Revenue,medium,2025-04-29,9
DQ00336,duplicate,Orders,low,2025-11-14,4
DQ00337,duplicate,Tickets,medium,2025-06-16,3
DQ00338,mismatch,Orders,medium,2025-11-23,6
DQ00339,duplicate,Orders,medium,2025-03-24,48
DQ00340,duplicate,Tickets,high,2025-05-28,31
DQ00341,duplicate,Orders,high,2025-04-15,10
DQ00342,mismatch,Tickets,low,2025-09-18,29
DQ00343,duplicate,Orders,low,2025-08-22,29
DQ00344,mismatch,Revenue,low,2025-05-22,41
DQ00345,duplicate,Revenue,low,2026-01-19,28
DQ00346,duplicate,Revenue,high,2025-05-10,19
DQ00347,duplicate,Tickets,medium,2025-11-20,1
DQ00348,duplicate,Revenue,high,2025-05-10,2
DQ00349,missing,Revenue,low,2025-08-17,18
DQ00350,mismatch,Tickets,medium,2025-09-26,14
DQ00351,mismatch,Revenue,low,2025-11-10,15
DQ00352,duplicate,Orders,low,2025-07-31,16
DQ00353,missing,Revenue,low,2025-04-01,12
DQ00354,duplicate,Revenue,medium,2025-06-04,44
DQ00355,mismatch,Revenue,low,2025-03-06,44
DQ00356,duplicate,Tickets,medium,2025-09-06,12
DQ00357,missing,Revenue,low,2025-08-10,3
DQ00358,missing,Tickets,low,2025-08-09,38
DQ00359,missing,Orders,low,2025-06-23,11
DQ00360,duplicate,Orders,medium,2025-12-02,12
DQ00361,mismatch,Revenue,low,2025-12-23,42
DQ00362,missing,Revenue,low,2025-11-04,10
DQ00363,missing,Orders,high,2025-12-25,10
DQ00364,mismatch,Tickets,medium,2025-03-29,15
DQ00365,mismatch,Tickets,high,2025-02-28,41
DQ00366,duplicate,Orders,high,2025-07-22,28
DQ00367,duplicate,Revenue,low,2025-09-02,8
DQ00368,missing,Revenue,low,2025-06-12,15
DQ00369,mismatch,Orders,low,2025-06-19,16
DQ00370,mismatch,Orders,high,2025-07-11,38
DQ00371,missing,Revenue,medium,2025-04-02,31
DQ00372,missing,Revenue,medium,2025-07-30,7
DQ00373,missing,Tickets,medium,2026-01-15,12
DQ00374,duplicate,Tickets,low,2025-10-26,12
DQ00375,mismatch,Tickets,low,2025-12-14,45
DQ00376,missing,Revenue,medium,2025-02-26,6
DQ00377,missing,Orders,low,2025-09-18,24
DQ00378,duplicate,Orders,low,2025-05-01,8
DQ00379,missing,Revenue,low,2025-06-16,24
DQ00380,mismatch,Orders,high,2025-08-16,22
DQ00381,mismatch,Orders,high,2025-09-17,39
DQ00382,mismatch,Tickets,low,2025-12-20,29
DQ00383,missing,Orders,high,2025-02-13,3
DQ00384,missing,Tickets,high,2025-07-28,39
DQ00385,mismatch,Orders,high,2025-11-26,39
DQ00386,missing,Revenue,high,2025-07-31,8
DQ00387,missing,Tickets,high,2025-03-28,43
DQ00388,duplicate,Revenue,medium,2025-07-12,12
DQ00389,mismatch,Orders,high,2025-08-26,32
DQ00390,mismatch,Orders,high,2025-06-30,15
DQ00391,mismatch,Orders,high,2025-08-12,34
DQ00392,missing,Orders,medium,2025-11-01,10
DQ00393,missing,Tickets,medium,2025-06-02,37
DQ00394,missing,Orders,low,2025-09-27,20
DQ00395,mismatch,Tickets,low,2025-05-26,47
DQ00396,mismatch,Orders,low,2025-11-11,11
DQ00397,mismatch,Tickets,low,2025-10-17,48
DQ00398,missing,Revenue,medium,2025-05-24,10
DQ00399,duplicate,Revenue,low,2025-12-27,34
DQ00400,missing,Orders,medium,2025-12-23,9
DQ00401,missing,Tickets,low,2025-06-27,31
DQ00402,mismatch,Orders,medium,2025-11-11,29
DQ00403,missing,Tickets,low,2025-02-28,42
DQ00404,mismatch,Orders,high,2026-01-05,45
DQ00405,duplicate,Orders,medium,2025-04-11,8
DQ00406,missing,Tickets,medium,2025-02-09,45
DQ00407,mismatch,Tickets,medium,2025-09-12,10
DQ00408,missing,Orders,low,2025-05-10,2
DQ00409,mismatch,Revenue,low,2025-04-29,45
DQ00410,duplicate,Revenue,low,2026-01-12,25
DQ00411,mismatch,Tickets,high,2025-05-02,36
DQ00412,duplicate,Orders,high,2025-07-24,1
DQ00413,mismatch,Revenue,high,2025-03-14,1
DQ00414,mismatch,Tickets,medium,2025-09-18,35
DQ00415,duplicate,Tickets,medium,2025-09-29,41
DQ00416,mismatch,Revenue,low,2025-03-13,6
DQ00417,duplicate,Revenue,high,2025-06-22,23
DQ00418,missing,Revenue,medium,2025-09-23,25
DQ00419,missing,Orders,low,2026-02-03,11
DQ00420,missing,Revenue,high,2025-07-14,2
DQ00421,duplicate,Revenue,high,2025-08-03,22
DQ00422,duplicate,Revenue,medium,2025-03-22,25
DQ00423,mismatch,Orders,medium,2025-12-27,11
DQ00424,mismatch,Tickets,high,2025-04-06,10
DQ00425,duplicate,Revenue,low,2025-06-10,22
DQ00426,duplicate,Revenue,high,2026-01-26,9
DQ00427,mismatch,Revenue,medium,2025-04-02,19
DQ00428,duplicate,Tickets,high,2025-11-15,24
DQ00429,missing,Tickets,medium,2025-08-22,37
DQ00430,duplicate,Tickets,high,2025-07-06,38
DQ00431,mismatch,Revenue,low,2025-11-24,18
DQ00432,mismatch,Orders,high,2025-06-11,44
DQ00433,mismatch,Orders,low,2025-02-27,35
DQ00434,mismatch,Orders,medium,2025-05-27,44
DQ00435,duplicate,Revenue,medium,2025-03-19,26
DQ00436,mismatch,Orders,medium,2025-08-30,10
DQ00437,missing,Tickets,low,2025-04-03,1
DQ00438,mismatch,Revenue,high,2025-11-23,26
DQ00439,missing,Tickets,medium,2025-11-25,13
DQ00440,missing,Tickets,low,2025-06-28,47
DQ00441,mismatch,Orders,medium,2025-04-13,9
DQ00442,missing,Revenue,low,2026-01-09,29
DQ00443,missing,Orders,high,2025-07-12,41
DQ00444,missing,Tickets,medium,2025-03-23,41
DQ00445,mismatch,Revenue,high,2025-04-30,4
DQ00446,mismatch,Tickets,low,2026-02-03,47
DQ00447,duplicate,Revenue,medium,2025-06-22,47
DQ00448,missing,Orders,low,2025-10-24,20
DQ00449,missing,Tickets,high,2025-10-19,44
DQ00450,mismatch,Orders,medium,2025-10-20,46
DQ00451,duplicate,Orders,medium,2025-08-10,12
DQ00452,mismatch,Revenue,high,2025-10-26,34
DQ00453,missing,Revenue,low,2025-12-09,27
DQ00454,mismatch,Revenue,low,2025-10-20,24
DQ00455,missing,Orders,medium,2025-11-16,37
DQ00456,duplicate,Orders,high,2025-10-06,25
DQ00457,missing,Revenue,low,2025-09-08,28
DQ00458,missing,Tickets,medium,2025-11-24,42
DQ00459,duplicate,Tickets,medium,2025-05-17,44
DQ00460,mismatch,Tickets,high,2025-08-11,11
DQ00461,duplicate,Revenue,high,2025-12-29,15
DQ00462,missing,Tickets,medium,2025-02-13,48
DQ00463,missing,Revenue,low,2025-12-29,19
DQ00464,duplicate,Revenue,high,2025-09-19,46
DQ00465,missing,Tickets,high,2025-08-27,35
DQ00466,duplicate,Orders,medium,2026-01-24,18
DQ00467,duplicate,Orders,low,2025-06-15,46
DQ00468,missing,Revenue,high,2025-06-29,4
DQ00469,missing,Orders,medium,2025-02-21,16
DQ00470,missing,Tickets,high,2025-06-15,18
DQ00471,duplicate,Tickets,medium,2025-05-07,21
DQ00472,duplicate,Tickets,low,2025-07-09,12
DQ00473,duplicate,Orders,high,2025-04-28,10
DQ00474,missing,Revenue,high,2025-12-23,1
DQ00475,duplicate,Orders,medium,2025-06-06,2
DQ00476,mismatch,Tickets,medium,2025-11-08,17
DQ00477,mismatch,Orders,low,2025-07-12,36
DQ00478,mismatch,Orders,high,2025-08-17,35
DQ00479,mismatch,Revenue,low,2025-07-05,2
DQ00480,mismatch,Tickets,low,2025-11-27,43
DQ00481,mismatch,Revenue,high,2026-01-30,28
DQ00482,duplicate,Revenue,low,2025-05-27,28
DQ00483,duplicate,Revenue,medium,2025-02-07,14
DQ00484,missing,Revenue,low,2025-03-09,41
DQ00485,duplicate,Tickets,high,2025-04-18,28
DQ00486,mismatch,Orders,high,2025-07-20,13
DQ00487,mismatch,Revenue,medium,2025-05-11,28
DQ00488,mismatch,Orders,low,2025-12-23,42
DQ00489,duplicate,Orders,low,2025-12-02,42
DQ00490,duplicate,Revenue,low,2025-02-15,13
DQ00491,missing,Orders,low,2025-04-01,45
DQ00492,missing,Tickets,low,2025-05-09,32
DQ00493,duplicate,Revenue,low,2025-11-15,4
DQ00494,duplicate,Revenue,high,2025-06-13,17
DQ00495,duplicate,Revenue,low,2025-09-10,38
DQ00496,missing,Revenue,low,2025-12-23,30
DQ00497,mismatch,Orders,low,2026-01-27,23
DQ00498,mismatch,Revenue,medium,2025-03-01,25
DQ00499,mismatch,Revenue,high,2025-08-12,19
DQ00500,missing,Orders,low,2025-05-17,28
DQ00501,missing,Revenue,medium,2025-09-12,35
DQ00502,missing,Tickets,high,2025-03-04,7
DQ00503,duplicate,Orders,high,2025-02-17,11
DQ00504,duplicate,Revenue,low,2025-04-01,34
DQ00505,mismatch,Revenue,high,2025-07-30,2
DQ00506,mismatch,Tickets,medium,2025-09-20,7
DQ00507,mismatch,Orders,medium,2025-09-14,46
DQ00508,mismatch,Tickets,medium,2026-02-06,14
DQ00509,mismatch,Tickets,medium,2025-07-26,7
DQ00510,missing,Tickets,medium,2025-08-16,33
DQ00511,missing,Tickets,medium,2025-11-16,44
DQ00512,mismatch,Tickets,low,2025-12-08,42
DQ00513,mismatch,Orders,high,2025-07-25,2
DQ00514,duplicate,Orders,high,2025-11-21,30
DQ00515,missing,Tickets,high,2025-02-08,14
DQ00516,missing,Revenue,low,2025-10-09,33
DQ00517,mismatch,Tickets,medium,2025-10-14,47
DQ00518,duplicate,Orders,low,2026-01-11,25
DQ00519,mismatch,Revenue,high,2025-07-18,13
DQ00520,mismatch,Revenue,low,2025-09-10,29
DQ00521,missing,Revenue,low,2026-01-09,15
DQ00522,missing,Revenue,low,2025-02-09,45
DQ00523,mismatch,Revenue,low,2025-06-13,38
DQ00524,missing,Tickets,low,2025-02-14,3
DQ00525,mismatch,Orders,high,2025-04-20,26
DQ00526,missing,Revenue,low,2025-03-08,4
DQ00527,mismatch,Tickets,high,2025-09-20,35
DQ00528,missing,Revenue,high,2025-06-30,25
DQ00529,missing,Orders,high,2025-02-10,37
DQ00530,duplicate,Tickets,low,2025-05-15,5
DQ00531,missing,Orders,medium,2025-06-21,44
DQ00532,duplicate,Tickets,high,2025-10-01,45
DQ00533,missing,Tickets,high,2025-08-08,16
DQ00534,duplicate,Tickets,medium,2025-06-22,2
DQ00535,mismatch,Revenue,low,2026-01-24,37
DQ00536,missing,Tickets,medium,2025-05-28,7
DQ00537,mismatch,Orders,high,2025-04-06,10
DQ00538,mismatch,Orders,medium,2025-12-23,41
DQ00539,missing,Orders,medium,2025-07-23,42
DQ00540,missing,Revenue,medium,2025-07-12,43
DQ00541,missing,Tickets,low,2025-12-05,30
DQ00542,mismatch,Orders,low,2025-10-24,17
DQ00543,mismatch,Orders,medium,2025-12-22,26
DQ00544,missing,Orders,high,2025-09-16,31
DQ00545,mismatch,Orders,medium,2025-12-26,42
DQ00546,mismatch,Orders,low,2025-03-29,37
DQ00547,duplicate,Revenue,high,2025-08-09,6
DQ00548,missing,Orders,medium,2025-10-17,33
DQ00549,missing,Tickets,high,2025-04-15,7
DQ00550,missing,Tickets,high,2025-11-21,35
DQ00551,mismatch,Revenue,medium,2025-04-21,46
DQ00552,duplicate,Orders,medium,2025-07-07,11
DQ00553,duplicate,Orders,high,2025-12-14,44
DQ00554,mismatch,Tickets,high,2025-07-06,6
DQ00555,mismatch,Revenue,medium,2025-09-05,12
DQ00556,missing,Revenue,medium,2025-08-05,43
DQ00557,missing,Orders,high,2025-04-25,45
DQ00558,mismatch,Revenue,low,2026-01-27,16
DQ00559,mismatch,Orders,medium,2025-02-06,17
DQ00560,missing,Revenue,low,2026-01-04,25
DQ00561,missing,Tickets,high,2025-08-13,21
DQ00562,mismatch,Orders,medium,2025-12-09,21
DQ00563,duplicate,Orders,high,2025-05-20,15
DQ00564,missing,Revenue,medium,2025-11-06,6
DQ00565,mismatch,Orders,medium,2025-09-04,19
DQ00566,duplicate,Orders,high,2026-01-15,43
DQ00567,mismatch,Revenue,high,2025-09-05,25
DQ00568,mismatch,Tickets,medium,2025-08-29,33
DQ00569,duplicate,Revenue,high,2025-12-30,22
DQ00570,missing,Revenue,medium,2025-05-22,13
DQ00571,mismatch,Orders,medium,2025-12-20,33
DQ00572,mismatch,Tickets,medium,2025-07-14,14
DQ00573,mismatch,Orders,low,2025-09-29,35
DQ00574,duplicate,Revenue,low,2025-09-11,11
DQ00575,missing,Orders,high,2025-06-16,47
DQ00576,missing,Revenue,low,2025-04-22,31
DQ00577,duplicate,Tickets,low,2025-07-03,30
DQ00578,duplicate,Tickets,high,2025-11-16,21
DQ00579,missing,Orders,high,2026-01-28,13
DQ00580,missing,Tickets,high,2025-07-17,25
DQ00581,mismatch,Tickets,low,2026-01-08,47
DQ00582,mismatch,Orders,high,2025-06-09,48
DQ00583,mismatch,Orders,low,2026-01-24,15
DQ00584,missing,Tickets,high,2025-12-15,16
DQ00585,duplicate,Orders,low,2025-07-23,22
DQ00586,missing,Orders,high,2025-12-02,12
DQ00587,mismatch,Tickets,medium,2025-08-17,43
DQ00588,duplicate,Orders,low,2025-09-08,13
DQ00589,duplicate,Tickets,high,2025-12-10,18
DQ00590,duplicate,Orders,high,2025-08-05,12
DQ00591,missing,Orders,medium,2025-04-28,38
DQ00592,missing,Orders,low,2025-06-11,3
DQ00593,mismatch,Orders,high,2025-02-28,27
DQ00594,missing,Tickets,high,2025-12-17,16
DQ00595,duplicate,Revenue,medium,2025-08-07,9
DQ00596,missing,Orders,low,2025-03-11,11
DQ00597,mismatch,Revenue,high,2025-07-20,10
DQ00598,mismatch,Revenue,low,2025-03-24,26
DQ00599,missing,Tickets,medium,2026-01-25,32
DQ00600,missing,Orders,low,2025-11-14,31
DQ00601,missing,Revenue,high,2025-04-30,41
DQ00602,duplicate,Tickets,high,2025-06-04,10
DQ00603,mismatch,Orders,high,2025-02-17,37
DQ00604,missing,Orders,low,2025-10-28,30
DQ00605,missing,Orders,low,2025-09-14,39
DQ00606,duplicate,Orders,medium,2025-08-12,10
DQ00607,duplicate,Revenue,medium,2026-01-14,39
DQ00608,mismatch,Revenue,medium,2025-11-26,37
DQ00609,duplicate,Orders,medium,2025-10-15,3
DQ00610,duplicate,Orders,high,2025-07-21,31
DQ00611,duplicate,Revenue,medium,2025-08-29,13
DQ00612,duplicate,Revenue,medium,2025-08-20,26
DQ00613,mismatch,Orders,low,2025-03-07,32
DQ00614,mismatch,Tickets,medium,2025-11-09,32
DQ00615,duplicate,Revenue,medium,2025-08-06,26
DQ00616,missing,Tickets,medium,2025-06-08,22
DQ00617,duplicate,Revenue,high,2025-04-18,46
DQ00618,duplicate,Revenue,medium,2025-05-24,27
DQ00619,missing,Revenue,low,2025-08-02,28
DQ00620,missing,Revenue,high,2025-05-08,24
DQ00621,duplicate,Revenue,high,2025-12-04,15
DQ00622,missing,Tickets,low,2025-03-09,4
DQ00623,duplicate,Revenue,medium,2025-07-08,43
DQ00624,mismatch,Revenue,high,2025-10-22,44
DQ00625,duplicate,Tickets,medium,2025-05-17,35
DQ00626,mismatch,Orders,medium,2025-08-24,45
DQ00627,duplicate,Revenue,high,2025-03-24,41
DQ00628,missing,Orders,medium,2025-11-28,22
DQ00629,mismatch,Revenue,low,2025-07-03,33
DQ00630,missing,Revenue,medium,2025-05-31,39
DQ00631,duplicate,Revenue,medium,2025-03-31,28
DQ00632,mismatch,Tickets,high,2025-11-06,13
DQ00633,mismatch,Revenue,medium,2025-10-05,11
DQ00634,missing,Orders,high,2025-11-25,28
DQ00635,duplicate,Orders,high,2026-01-22,8
DQ00636,missing,Revenue,medium,2025-07-06,27
DQ00637,missing,Revenue,high,2025-07-02,47
DQ00638,mismatch,Tickets,medium,2025-08-13,35
DQ00639,mismatch,Orders,high,2025-06-07,10
DQ00640,mismatch,Revenue,high,2025-10-04,13
DQ00641,mismatch,Tickets,low,2025-12-29,15
DQ00642,mismatch,Revenue,low,2025-10-25,2
DQ00643,missing,Orders,high,2025-11-17,41
DQ00644,duplicate,Revenue,medium,2025-08-04,24
DQ00645,mismatch,Orders,medium,2025-04-01,27
DQ00646,missing,Tickets,low,2025-03-29,35
DQ00647,mismatch,Orders,high,2025-11-05,41
DQ00648,mismatch,Orders,low,2025-06-08,25
DQ00649,duplicate,Revenue,low,2026-01-06,24
DQ00650,duplicate,Tickets,high,2025-06-11,7
DQ00651,mismatch,Orders,medium,2025-09-16,47
DQ00652,mismatch,Tickets,high,2025-07-17,32
DQ00653,mismatch,Tickets,high,2025-09-21,28
DQ00654,mismatch,Revenue,low,2025-06-19,3
DQ00655,duplicate,Revenue,medium,2025-07-21,14
DQ00656,missing,Revenue,high,2025-12-26,23
DQ00657,duplicate,Orders,low,2026-01-03,44
DQ00658,missing,Revenue,high,2025-04-29,2
DQ00659,duplicate,Orders,high,2025-03-18,5
DQ00660,mismatch,Orders,medium,2026-01-13,3
DQ00661,duplicate,Revenue,high,2025-03-02,24
DQ00662,mismatch,Orders,medium,2025-06-22,47
DQ00663,missing,Orders,low,2025-03-24,6
DQ00664,mismatch,Revenue,low,2025-03-08,8
DQ00665,missing,Revenue,low,2025-02-10,34
DQ00666,mismatch,Orders,medium,2025-11-29,24
DQ00667,missing,Tickets,medium,2025-03-07,13
DQ00668,mismatch,Orders,high,2025-11-03,9
DQ00669,duplicate,Orders,medium,2025-04-09,37
DQ00670,duplicate,Revenue,high,2025-12-30,43
DQ00671,duplicate,Revenue,high,2025-07-08,30
DQ00672,mismatch,Orders,high,2025-10-03,8
DQ00673,mismatch,Orders,high,2025-05-10,16
DQ00674,duplicate,Orders,high,2025-10-28,18
DQ00675,duplicate,Tickets,low,2025-04-10,46
DQ00676,mismatch,Orders,low,2025-06-21,47
DQ00677,duplicate,Tickets,high,2025-05-22,48
DQ00678,mismatch,Orders,high,2025-11-16,9
DQ00679,duplicate,Orders,medium,2025-05-30,37
DQ00680,missing,Revenue,high,2025-06-30,41
DQ00681,mismatch,Tickets,low,2025-08-29,29
DQ00682,mismatch,Revenue,high,2025-05-06,19
DQ00683,duplicate,Revenue,medium,2026-01-24,21
DQ00684,duplicate,Orders,low,2025-05-15,38
DQ00685,missing,Tickets,medium,2025-02-25,42
DQ00686,missing,Orders,medium,2025-11-24,20
DQ00687,missing,Revenue,low,2025-05-28,48
DQ00688,missing,Tickets,low,2025-03-25,38
DQ00689,duplicate,Tickets,medium,2025-03-14,18
DQ00690,missing,Orders,high,2025-08-26,11
DQ00691,duplicate,Revenue,high,2025-09-29,13
DQ00692,duplicate,Orders,high,2025-06-25,24
DQ00693,mismatch,Revenue,high,2025-02-15,12
DQ00694,mismatch,Tickets,low,2025-10-28,36
DQ00695,missing,Revenue,high,2025-07-25,30
DQ00696,mismatch,Tickets,medium,2025-09-22,30
DQ00697,mismatch,Revenue,high,2025-06-16,35
DQ00698,missing,Revenue,high,2025-12-28,18
DQ00699,missing,Tickets,medium,2025-07-19,9
DQ00700,mismatch,Revenue,low,2025-11-05,30
DQ00701,mismatch,Orders,high,2025-06-30,42
DQ00702,mismatch,Orders,medium,2025-03-24,35
DQ00703,missing,Orders,high,2025-11-15,25
DQ00704,duplicate,Tickets,high,2025-09-11,8
DQ00705,mismatch,Tickets,low,2025-05-10,33
DQ00706,mismatch,Orders,medium,2025-04-28,44
DQ00707,duplicate,Revenue,medium,2026-01-17,28
DQ00708,mismatch,Orders,medium,2025-08-06,18
DQ00709,mismatch,Tickets,low,2025-08-05,9
DQ00710,mismatch,Orders,medium,2025-04-30,36
DQ00711,mismatch,Tickets,medium,2025-12-07,37
DQ00712,duplicate,Revenue,high,2025-11-25,34
DQ00713,duplicate,Tickets,low,2025-02-24,7
DQ00714,duplicate,Orders,high,2025-11-03,44
DQ00715,duplicate,Tickets,low,2025-09-20,26
DQ00716,mismatch,Revenue,high,2025-04-11,29
DQ00717,duplicate,Revenue,low,2025-12-14,13
DQ00718,missing,Orders,high,2025-03-04,2
DQ00719,mismatch,Orders,high,2026-01-07,39
DQ00720,mismatch,Revenue,high,2025-11-23,15
DQ00721,mismatch,Tickets,high,2025-12-19,19
DQ00722,mismatch,Orders,low,2025-09-14,11
DQ00723,mismatch,Revenue,high,2025-05-05,13
DQ00724,duplicate,Revenue,medium,2025-06-17,12
DQ00725,duplicate,Orders,medium,2025-04-16,24
DQ00726,duplicate,Orders,low,2025-03-10,35
DQ00727,missing,Revenue,high,2025-03-22,34
DQ00728,duplicate,Tickets,medium,2025-04-10,31
DQ00729,missing,Orders,medium,2026-01-29,46
DQ00730,missing,Orders,medium,2025-07-03,36
DQ00731,missing,Revenue,low,2025-10-27,15
DQ00732,missing,Orders,low,2025-05-14,36
DQ00733,duplicate,Tickets,low,2025-10-19,15
DQ00734,mismatch,Revenue,high,2026-01-12,39
DQ00735,missing,Revenue,high,2025-06-05,32
DQ00736,mismatch,Tickets,low,2025-07-17,26
DQ00737,duplicate,Tickets,high,2025-10-31,31
DQ00738,mismatch,Tickets,low,2025-08-27,47
DQ00739,duplicate,Revenue,low,2025-05-23,43
DQ00740,mismatch,Tickets,medium,2025-02-13,5
DQ00741,missing,Tickets,high,2025-03-26,23
DQ00742,missing,Tickets,high,2026-01-20,47
DQ00743,duplicate,Tickets,medium,2025-06-10,25
DQ00744,missing,Tickets,medium,2025-09-19,43
DQ00745,missing,Tickets,high,2025-12-08,40
DQ00746,missing,Tickets,high,2025-11-23,4
DQ00747,mismatch,Revenue,low,2025-12-19,30
DQ00748,duplicate,Orders,medium,2025-05-25,48
DQ00749,mismatch,Tickets,low,2025-02-06,9
DQ00750,duplicate,Tickets,medium,2025-05-24,9
DQ00751,missing,Revenue,medium,2025-07-01,34
DQ00752,mismatch,Tickets,high,2025-05-20,27
DQ00753,missing,Orders,high,2025-10-28,24
DQ00754,missing,Orders,medium,2026-01-16,41
DQ00755,missing,Orders,high,2025-02-27,7
DQ00756,duplicate,Revenue,low,2025-05-19,39
DQ00757,missing,Orders,high,2026-01-27,31
DQ00758,missing,Tickets,low,2025-12-08,16
DQ00759,mismatch,Orders,low,2025-07-23,47
DQ00760,duplicate,Orders,low,2026-01-18,9
DQ00761,duplicate,Revenue,medium,2025-03-07,45
DQ00762,missing,Revenue,high,2025-06-12,48
DQ00763,duplicate,Revenue,low,2025-09-04,36
DQ00764,missing,Tickets,medium,2025-08-15,11
DQ00765,mismatch,Revenue,high,2026-02-03,3
DQ00766,mismatch,Revenue,high,2025-05-18,4
DQ00767,missing,Orders,low,2025-10-26,45
DQ00768,missing,Orders,high,2025-03-07,40
DQ00769,duplicate,Orders,high,2025-12-02,31
DQ00770,missing,Revenue,high,2025-09-16,37
DQ00771,duplicate,Revenue,high,2025-04-15,44
DQ00772,missing,Revenue,medium,2026-01-18,43
DQ00773,mismatch,Orders,low,2025-04-07,22
DQ00774,mismatch,Tickets,low,2026-01-28,19
DQ00775,duplicate,Revenue,medium,2025-12-19,44
DQ00776,mismatch,Revenue,medium,2025-04-22,34
DQ00777,mismatch,Tickets,low,2025-12-31,20
DQ00778,mismatch,Tickets,low,2025-05-26,45
DQ00779,missing,Revenue,medium,2025-10-07,40
DQ00780,mismatch,Orders,high,2025-07-02,33
DQ00781,mismatch,Tickets,high,2025-10-27,22
DQ00782,duplicate,Tickets,high,2025-09-26,1
DQ00783,missing,Tickets,medium,2025-06-11,32
DQ00784,mismatch,Tickets,high,2025-12-28,15
DQ00785,mismatch,Tickets,medium,2025-05-22,10
DQ00786,mismatch,Orders,high,2025-05-23,24
DQ00787,mismatch,Orders,low,2025-08-19,41
DQ00788,mismatch,Revenue,low,2025-09-17,16
DQ00789,mismatch,Revenue,medium,2025-05-02,45
DQ00790,mismatch,Revenue,medium,2025-12-06,14
DQ00791,missing,Tickets,low,2025-03-21,43
DQ00792,missing,Tickets,medium,2025-02-20,46
DQ00793,mismatch,Orders,low,2025-09-14,23
DQ00794,duplicate,Revenue,high,2025-06-30,48
DQ00795,duplicate,Orders,medium,2025-05-06,41
DQ00796,duplicate,Revenue,medium,2025-09-15,38
DQ00797,mismatch,Tickets,high,2025-06-09,10
DQ00798,duplicate,Tickets,medium,2025-07-12,46
DQ00799,mismatch,Revenue,low,2025-10-01,30
DQ00800,duplicate,Orders,low,2025-11-27,20
DQ00801,missing,Tickets,low,2025-06-07,31
DQ00802,mismatch,Orders,medium,2025-05-27,30
DQ00803,duplicate,Revenue,high,2026-01-11,5
DQ00804,mismatch,Revenue,medium,2025-07-20,34
DQ00805,duplicate,Tickets,low,2025-02-15,34
DQ00806,mismatch,Revenue,medium,2026-01-22,8
DQ00807,mismatch,Revenue,high,2025-07-19,12
DQ00808,duplicate,Orders,medium,2025-09-10,28
DQ00809,missing,Revenue,high,2025-05-08,14
DQ00810,mismatch,Orders,low,2025-06-11,24
DQ00811,duplicate,Tickets,high,2025-03-12,10
DQ00812,mismatch,Tickets,medium,2025-07-30,28
DQ00813,mismatch,Tickets,low,2025-05-03,9
DQ00814,missing,Tickets,low,2025-12-04,23
DQ00815,duplicate,Orders,medium,2025-09-19,27
DQ00816,missing,Orders,low,2025-04-25,14
DQ00817,missing,Revenue,medium,2025-04-28,31
DQ00818,missing,Orders,high,2025-08-31,48
DQ00819,mismatch,Tickets,low,2025-03-19,37
DQ00820,mismatch,Revenue,low,2026-01-27,7
DQ00821,duplicate,Orders,medium,2025-12-14,44
DQ00822,duplicate,Tickets,low,2025-03-18,46
DQ00823,duplicate,Tickets,high,2025-07-13,39
DQ00824,duplicate,Tickets,medium,2026-01-08,4
DQ00825,duplicate,Revenue,medium,2025-05-28,30
DQ00826,duplicate,Orders,low,2025-08-13,31
DQ00827,missing,Tickets,high,2026-01-18,4
DQ00828,missing,Revenue,medium,2025-08-06,16
DQ00829,mismatch,Orders,high,2025-08-05,42
DQ00830,mismatch,Tickets,high,2025-09-02,4
DQ00831,missing,Orders,medium,2025-11-21,31
DQ00832,duplicate,Revenue,high,2025-08-03,44
DQ00833,duplicate,Revenue,high,2025-08-16,41
DQ00834,missing,Tickets,high,2025-05-18,29
DQ00835,duplicate,Tickets,low,2025-02-26,28
DQ00836,missing,Tickets,low,2026-02-03,17
DQ00837,mismatch,Tickets,low,2025-05-19,17
DQ00838,missing,Tickets,low,2025-03-19,39
DQ00839,missing,Orders,high,2025-08-04,38
DQ00840,mismatch,Orders,medium,2025-03-02,48
DQ00841,duplicate,Revenue,medium,2025-04-23,29
DQ00842,mismatch,Tickets,low,2025-02-28,40
DQ00843,duplicate,Tickets,low,2025-10-01,25
DQ00844,duplicate,Tickets,low,2025-06-16,20
DQ00845,missing,Tickets,high,2025-11-09,21
DQ00846,missing,Revenue,medium,2025-08-24,36
DQ00847,duplicate,Revenue,medium,2025-08-11,1
DQ00848,mismatch,Orders,low,2025-11-15,23
DQ00849,mismatch,Tickets,medium,2025-09-22,48
DQ00850,missing,Revenue,high,2026-01-17,15
DQ00851,duplicate,Orders,medium,2025-12-16,38
DQ00852,duplicate,Tickets,medium,2026-01-22,42
DQ00853,duplicate,Tickets,high,2026-01-27,40
DQ00854,duplicate,Orders,high,2025-04-11,47
DQ00855,mismatch,Orders,high,2025-08-27,20
DQ00856,duplicate,Tickets,medium,2025-06-16,44
DQ00857,mismatch,Tickets,low,2025-05-15,47
DQ00858,missing,Orders,high,2025-03-20,29
DQ00859,duplicate,Orders,medium,2025-05-05,35
DQ00860,duplicate,Tickets,low,2025-08-16,10
DQ00861,mismatch,Tickets,high,2025-03-14,44
DQ00862,mismatch,Tickets,high,2025-05-08,14
DQ00863,duplicate,Revenue,high,2025-04-20,14
DQ00864,mismatch,Revenue,low,2025-06-25,34
DQ00865,missing,Tickets,low,2026-01-02,48
DQ00866,missing,Orders,medium,2025-03-24,1
DQ00867,missing,Orders,high,2025-05-05,36
DQ00868,duplicate,Revenue,high,2025-02-25,10
DQ00869,missing,Revenue,medium,2026-02-01,37
DQ00870,mismatch,Tickets,high,2025-02-18,18
DQ00871,missing,Tickets,low,2026-01-12,25
DQ00872,missing,Revenue,high,2026-01-04,40
DQ00873,duplicate,Revenue,high,2025-11-25,33
DQ00874,mismatch,Revenue,high,2025-10-27,47
DQ00875,mismatch,Revenue,high,2025-12-11,14
DQ00876,duplicate,Orders,low,2025-11-29,21
DQ00877,duplicate,Tickets,high,2025-02-08,26
DQ00878,missing,Revenue,high,2025-05-07,37
DQ00879,missing,Orders,medium,2025-03-14,10
DQ00880,mismatch,Revenue,low,2025-08-15,39
DQ00881,duplicate,Orders,medium,2025-08-05,42
DQ00882,missing,Tickets,medium,2025-09-12,8
DQ00883,duplicate,Orders,medium,2025-03-21,23
DQ00884,duplicate,Revenue,high,2025-09-29,4
DQ00885,duplicate,Orders,medium,2025-08-06,35
DQ00886,missing,Orders,medium,2025-11-12,47
DQ00887,mismatch,Orders,high,2025-11-21,14
DQ00888,mismatch,Tickets,high,2025-04-26,3
DQ00889,duplicate,Tickets,medium,2025-06-23,35
DQ00890,mismatch,Orders,low,2025-12-25,11
DQ00891,missing,Tickets,low,2025-12-30,20
DQ00892,missing,Orders,medium,2026-01-05,29
DQ00893,missing,Tickets,medium,2025-08-14,47
DQ00894,missing,Orders,medium,2025-10-12,30
DQ00895,mismatch,Orders,medium,2025-03-27,45
DQ00896,duplicate,Revenue,low,2025-07-31,8
DQ00897,missing,Tickets,high,2025-10-04,43
DQ00898,mismatch,Tickets,high,2025-06-14,17
DQ00899,duplicate,Revenue,high,2025-02-15,41
DQ00900,duplicate,Tickets,medium,2025-10-30,10
DQ00901,duplicate,Revenue,low,2026-01-26,6
DQ00902,mismatch,Revenue,medium,2025-02-06,9
DQ00903,duplicate,Tickets,high,2025-03-19,17
DQ00904,duplicate,Orders,high,2025-07-05,45
DQ00905,mismatch,Orders,low,2025-07-06,3
DQ00906,duplicate,Tickets,high,2025-05-29,32
DQ00907,duplicate,Revenue,medium,2025-07-15,7
DQ00908,missing,Tickets,medium,2025-05-25,23
DQ00909,mismatch,Orders,high,2025-05-04,31
DQ00910,duplicate,Tickets,medium,2025-08-06,24
DQ00911,mismatch,Orders,high,2025-03-15,11
DQ00912,duplicate,Revenue,medium,2025-07-31,19
DQ00913,missing,Tickets,medium,2025-07-02,30
DQ00914,missing,Revenue,high,2025-06-09,25
DQ00915,mismatch,Orders,low,2025-11-16,29
DQ00916,mismatch,Tickets,low,2025-02-23,34
DQ00917,missing,Orders,medium,2025-11-09,26
DQ00918,duplicate,Revenue,high,2025-05-20,37
DQ00919,mismatch,Tickets,low,2025-04-29,8
DQ00920,missing,Orders,low,2025-04-21,20
DQ00921,duplicate,Tickets,low,2025-06-09,32
DQ00922,missing,Tickets,medium,2025-09-11,26
DQ00923,mismatch,Revenue,high,2025-05-17,20
DQ00924,missing,Tickets,high,2025-07-08,35
DQ00925,duplicate,Revenue,medium,2025-11-25,46
DQ00926,duplicate,Orders,low,2025-05-25,44
DQ00927,mismatch,Orders,medium,2025-03-21,36
DQ00928,missing,Revenue,high,2025-10-24,36
DQ00929,missing,Tickets,low,2025-09-27,33
DQ00930,missing,Revenue,low,2026-01-03,27
DQ00931,duplicate,Revenue,medium,2025-08-24,20
DQ00932,duplicate,Tickets,low,2025-02-24,47
DQ00933,missing,Tickets,high,2025-07-07,27
DQ00934,duplicate,Revenue,high,2026-01-31,17
DQ00935,missing,Revenue,medium,2025-11-03,39
DQ00936,duplicate,Orders,low,2026-01-19,23
DQ00937,missing,Orders,low,2025-12-01,20
DQ00938,mismatch,Orders,medium,2025-10-26,16
DQ00939,mismatch,Revenue,low,2025-02-16,34
DQ00940,duplicate,Orders,high,2025-11-18,38
DQ00941,missing,Revenue,low,2026-01-14,48
DQ00942,mismatch,Revenue,high,2025-05-13,20
DQ00943,duplicate,Orders,low,2025-07-18,18
DQ00944,mismatch,Orders,high,2025-04-07,3
DQ00945,missing,Revenue,high,2025-02-20,31
DQ00946,mismatch,Revenue,high,2025-04-29,44
DQ00947,duplicate,Tickets,medium,2025-10-17,47
DQ00948,duplicate,Orders,low,2025-06-30,9
DQ00949,mismatch,Orders,medium,2025-05-20,31
DQ00950,mismatch,Tickets,low,2025-02-23,9
DQ00951,missing,Revenue,medium,2026-01-21,17
DQ00952,duplicate,Revenue,high,2025-08-26,41
DQ00953,duplicate,Tickets,low,2025-08-25,37
DQ00954,duplicate,Orders,low,2025-04-25,25
DQ00955,mismatch,Orders,medium,2025-03-12,27
DQ00956,mismatch,Tickets,low,2025-09-18,29
DQ00957,duplicate,Tickets,low,2025-07-28,18
DQ00958,duplicate,Tickets,medium,2025-03-08,24
DQ00959,missing,Tickets,high,2025-11-26,35
DQ00960,missing,Tickets,high,2025-12-09,2
DQ00961,mismatch,Orders,medium,2025-11-27,40
DQ00962,mismatch,Orders,medium,2025-09-21,21
DQ00963,mismatch,Tickets,low,2025-12-20,38
DQ00964,mismatch,Tickets,medium,2025-06-11,17
DQ00965,duplicate,Tickets,high,2026-01-11,3
DQ00966,missing,Orders,medium,2025-03-02,41
DQ00967,missing,Revenue,low,2025-06-09,15
DQ00968,mismatch,Tickets,medium,2026-01-21,44
DQ00969,missing,Tickets,low,2025-05-11,40
DQ00970,duplicate,Orders,low,2025-11-17,8
DQ00971,missing,Revenue,high,2025-08-19,5
DQ00972,mismatch,Tickets,low,2025-06-19,29
DQ00973,missing,Tickets,high,2025-04-07,40
DQ00974,mismatch,Tickets,high,2025-06-28,27
DQ00975,missing,Orders,high,2025-07-03,39
DQ00976,missing,Tickets,high,2025-04-04,45
DQ00977,duplicate,Orders,low,2025-05-06,32
DQ00978,mismatch,Revenue,medium,2025-04-15,21
DQ00979,mismatch,Tickets,medium,2025-11-02,43
DQ00980,mismatch,Tickets,low,2025-10-03,42
DQ00981,mismatch,Orders,medium,2026-01-09,35
DQ00982,duplicate,Revenue,high,2025-07-08,35
DQ00983,duplicate,Tickets,low,2025-11-04,44
DQ00984,missing,Tickets,high,2025-08-19,38
DQ00985,duplicate,Tickets,low,2025-08-15,10
DQ00986,missing,Orders,low,2025-10-10,41
DQ00987,mismatch,Tickets,medium,2025-11-02,44
DQ00988,missing,Revenue,high,2025-05-01,46
DQ00989,mismatch,Tickets,medium,2025-07-24,41
DQ00990,duplicate,Tickets,high,2025-10-05,46
DQ00991,duplicate,Orders,medium,2025-02-25,35
DQ00992,mismatch,Revenue,high,2025-04-04,29
DQ00993,duplicate,Tickets,high,2025-03-31,32
DQ00994,missing,Revenue,high,2025-06-02,1
DQ00995,mismatch,Revenue,low,2025-05-06,7
DQ00996,duplicate,Orders,high,2025-05-27,42
DQ00997,mismatch,Orders,medium,2026-01-13,3
DQ00998,mismatch,Orders,medium,2026-01-20,31
DQ00999,duplicate,Tickets,high,2026-01-19,36
DQ01000,mismatch,Revenue,high,2026-01-16,15
